employee_id,office_id
1000588,1000000
1000589,1000000
1000590,1000000
1000591,1000000
1000592,1000000
1000593,1000000
1000594,1000000
1000595,1000000
1000596,1000000
1000694,1000000
1000728,1000000
1000729,1000000
1000730,1000000
1000767,1000000
1000775,1000000
1000805,1000000
1000816,1000000
1000824,1000000
1000837,1000000
1000845,1000000
1000911,1000000
1000912,1000000
1000925,1000000
1000961,1000000
1000967,1000000
1000969,1000000
1001016,1000000
1001046,1000000
1001083,1000000
1001111,1000000
1001115,1000000
1001144,1000000
1001145,1000000
1001665,1000000
1000568,1000001
1000569,1000001
1000570,1000001
1000571,1000001
1000572,1000001
1000695,1000001
1000391,1000002
1000392,1000002
1000393,1000002
1000394,1000002
1000395,1000002
1000396,1000002
1000397,1000002
1000398,1000002
1000399,1000002
1000400,1000002
1000401,1000002
1000402,1000002
1000696,1000002
1000777,1000002
1000783,1000002
1000829,1000002
1001132,1000002
1001179,1000002
1001683,1000002
1000429,1000003
1000430,1000003
1000431,1000003
1000432,1000003
1000433,1000003
1000434,1000003
1000435,1000003
1000436,1000003
1000437,1000003
1000438,1000003
1000439,1000003
1000440,1000003
1000441,1000003
1000442,1000003
1000443,1000003
1000444,1000003
1000445,1000003
1000446,1000003
1000447,1000003
1000448,1000003
1000449,1000003
1000450,1000003
1000451,1000003
1000452,1000003
1000453,1000003
1000454,1000003
1000455,1000003
1000456,1000003
1000457,1000003
1000458,1000003
1000459,1000003
1000460,1000003
1000461,1000003
1000462,1000003
1000463,1000003
1000464,1000003
1000465,1000003
1000466,1000003
1000467,1000003
1000468,1000003
1000469,1000003
1000470,1000003
1000471,1000003
1000472,1000003
1000473,1000003
1000474,1000003
1000475,1000003
1000476,1000003
1000477,1000003
1000478,1000003
1000479,1000003
1000480,1000003
1000481,1000003
1000482,1000003
1000483,1000003
1000484,1000003
1000485,1000003
1000486,1000003
1000487,1000003
1000488,1000003
1000489,1000003
1000490,1000003
1000491,1000003
1000492,1000003
1000493,1000003
1000494,1000003
1000495,1000003
1000496,1000003
1000497,1000003
1000498,1000003
1000499,1000003
1000500,1000003
1000501,1000003
1000502,1000003
1000503,1000003
1000504,1000003
1000505,1000003
1000506,1000003
1000507,1000003
1000508,1000003
1000509,1000003
1000510,1000003
1000511,1000003
1000512,1000003
1000513,1000003
1000514,1000003
1000515,1000003
1000516,1000003
1000517,1000003
1000518,1000003
1000519,1000003
1000520,1000003
1000521,1000003
1000522,1000003
1000523,1000003
1000524,1000003
1000525,1000003
1000526,1000003
1000527,1000003
1000528,1000003
1000529,1000003
1000530,1000003
1000531,1000003
1000532,1000003
1000533,1000003
1000534,1000003
1000535,1000003
1000536,1000003
1000537,1000003
1000538,1000003
1000539,1000003
1000540,1000003
1000541,1000003
1000542,1000003
1000543,1000003
1000544,1000003
1000545,1000003
1000546,1000003
1000547,1000003
1000548,1000003
1000549,1000003
1000550,1000003
1000551,1000003
1000552,1000003
1000553,1000003
1000554,1000003
1000555,1000003
1000556,1000003
1000557,1000003
1000558,1000003
1000559,1000003
1000560,1000003
1000561,1000003
1000562,1000003
1000563,1000003
1000679,1000003
1000680,1000003
1000681,1000003
1000682,1000003
1000683,1000003
1000685,1000003
1000687,1000003
1000688,1000003
1000689,1000003
1000691,1000003
1000693,1000003
1000697,1000003
1000716,1000003
1000727,1000003
1000731,1000003
1000732,1000003
1000748,1000003
1000749,1000003
1000756,1000003
1000757,1000003
1000758,1000003
1000759,1000003
1000760,1000003
1000770,1000003
1000771,1000003
1000772,1000003
1000784,1000003
1000785,1000003
1000806,1000003
1000807,1000003
1000812,1000003
1000813,1000003
1000815,1000003
1000848,1000003
1000852,1000003
1000853,1000003
1000854,1000003
1000855,1000003
1000856,1000003
1000857,1000003
1000858,1000003
1000859,1000003
1000861,1000003
1000872,1000003
1000902,1000003
1000906,1000003
1000907,1000003
1000918,1000003
1000919,1000003
1000920,1000003
1000921,1000003
1000928,1000003
1000936,1000003
1000938,1000003
1000943,1000003
1000944,1000003
1000946,1000003
1000960,1000003
1000968,1000003
1000981,1000003
1000997,1000003
1001003,1000003
1001019,1000003
1001044,1000003
1001048,1000003
1001050,1000003
1001052,1000003
1001076,1000003
1001078,1000003
1001119,1000003
1001131,1000003
1001139,1000003
1001230,1000003
1001234,1000003
1001235,1000003
1001271,1000003
1001285,1000003
1001302,1000003
1001345,1000003
1001351,1000003
1001422,1000003
1001437,1000003
1001473,1000003
1001474,1000003
1001562,1000003
1001563,1000003
1001610,1000003
1001617,1000003
1001619,1000003
1001621,1000003
1001666,1000003
1001669,1000003
1001700,1000003
1000419,1000004
1000420,1000004
1000421,1000004
1000422,1000004
1000423,1000004
1000424,1000004
1000425,1000004
1000426,1000004
1000427,1000004
1000428,1000004
1000698,1000004
1000826,1000004
1000827,1000004
1000843,1000004
1000846,1000004
1000866,1000004
1000867,1000004
1000868,1000004
1000869,1000004
1000870,1000004
1001257,1000004
1001284,1000004
1001289,1000004
1001404,1000004
1001405,1000004
1001451,1000004
1001459,1000004
1001461,1000004
1001472,1000004
1001564,1000004
1001585,1000004
1001668,1000004
1000403,1000005
1000404,1000005
1000405,1000005
1000406,1000005
1000407,1000005
1000408,1000005
1000409,1000005
1000410,1000005
1000411,1000005
1000412,1000005
1000413,1000005
1000414,1000005
1000415,1000005
1000416,1000005
1000417,1000005
1000418,1000005
1000686,1000005
1000690,1000005
1000699,1000005
1000745,1000005
1000746,1000005
1000751,1000005
1000752,1000005
1000753,1000005
1000766,1000005
1000768,1000005
1000773,1000005
1000781,1000005
1000782,1000005
1000787,1000005
1000788,1000005
1000789,1000005
1000792,1000005
1000814,1000005
1000818,1000005
1000819,1000005
1000820,1000005
1000821,1000005
1000822,1000005
1000823,1000005
1000825,1000005
1000830,1000005
1000834,1000005
1000835,1000005
1000841,1000005
1000844,1000005
1000865,1000005
1000873,1000005
1000874,1000005
1000876,1000005
1000904,1000005
1000905,1000005
1000909,1000005
1000924,1000005
1000927,1000005
1000929,1000005
1000935,1000005
1000937,1000005
1000939,1000005
1000945,1000005
1000963,1000005
1000970,1000005
1000971,1000005
1000974,1000005
1000975,1000005
1000980,1000005
1001001,1000005
1001029,1000005
1001030,1000005
1001034,1000005
1001038,1000005
1001039,1000005
1001041,1000005
1001045,1000005
1001057,1000005
1001058,1000005
1001059,1000005
1001079,1000005
1001080,1000005
1001086,1000005
1001087,1000005
1001116,1000005
1001117,1000005
1001121,1000005
1001126,1000005
1001127,1000005
1001130,1000005
1001136,1000005
1001137,1000005
1001147,1000005
1001174,1000005
1001175,1000005
1001185,1000005
1001196,1000005
1001200,1000005
1001202,1000005
1001203,1000005
1001204,1000005
1001205,1000005
1001209,1000005
1001211,1000005
1001219,1000005
1001220,1000005
1001221,1000005
1001225,1000005
1001227,1000005
1001232,1000005
1001237,1000005
1001238,1000005
1001242,1000005
1001243,1000005
1001245,1000005
1001260,1000005
1001272,1000005
1001281,1000005
1001282,1000005
1001283,1000005
1001433,1000005
1001434,1000005
1001438,1000005
1001456,1000005
1001457,1000005
1001460,1000005
1001467,1000005
1001468,1000005
1001476,1000005
1001477,1000005
1001482,1000005
1000597,1000006
1000598,1000006
1000599,1000006
1000600,1000006
1000601,1000006
1000602,1000006
1000603,1000006
1000604,1000006
1000700,1000006
1000940,1000006
1001199,1000006
1001201,1000006
1001290,1000006
1001455,1000006
1001470,1000006
1001584,1000006
1001677,1000006
1000580,1000007
1000581,1000007
1000582,1000007
1000583,1000007
1000584,1000007
1000585,1000007
1000586,1000007
1000587,1000007
1000701,1000007
1001620,1000007
1000605,1000008
1000606,1000008
1000607,1000008
1000608,1000008
1000702,1000008
1000778,1000008
1000692,1000009
1000750,1000009
1000838,1000009
1000839,1000009
1000840,1000009
1000851,1000009
1000862,1000009
1000863,1000009
1000875,1000009
1000910,1000009
1000913,1000009
1000914,1000009
1000922,1000009
1000923,1000009
1000926,1000009
1000930,1000009
1000942,1000009
1000966,1000009
1001025,1000009
1001026,1000009
1001028,1000009
1001033,1000009
1001035,1000009
1001036,1000009
1001037,1000009
1001042,1000009
1001043,1000009
1001047,1000009
1001051,1000009
1001053,1000009
1001054,1000009
1001060,1000009
1001075,1000009
1001089,1000009
1001094,1000009
1001110,1000009
1001118,1000009
1001120,1000009
1001129,1000009
1001138,1000009
1001176,1000009
1001177,1000009
1001178,1000009
1001189,1000009
1001190,1000009
1001191,1000009
1001194,1000009
1001195,1000009
1001198,1000009
1001208,1000009
1001210,1000009
1001236,1000009
1001256,1000009
1001262,1000009
1001263,1000009
1001269,1000009
1001270,1000009
1001287,1000009
1001288,1000009
1001291,1000009
1001292,1000009
1001354,1000009
1001392,1000009
1001403,1000009
1001413,1000009
1001419,1000009
1001420,1000009
1001432,1000009
1001435,1000009
1001440,1000009
1001444,1000009
1001452,1000009
1001458,1000009
1001462,1000009
1001469,1000009
1001471,1000009
1001478,1000009
1001566,1000009
1001586,1000009
1001600,1000009
1001603,1000009
1001614,1000009
1001618,1000009
1001628,1000009
1001645,1000009
1001667,1000009
1001689,1000009
1001691,1000009
1001701,1000009
1000638,1000010
1000639,1000010
1000640,1000010
1000641,1000010
1000642,1000010
1000643,1000010
1000644,1000010
1000645,1000010
1000646,1000010
1000647,1000010
1000649,1000010
1000650,1000010
1000651,1000010
1000652,1000010
1000653,1000010
1000704,1000010
1000765,1000010
1000800,1000010
1000842,1000010
1000871,1000010
1000941,1000010
1001018,1000010
1001049,1000010
1001081,1000010
1001082,1000010
1001212,1000010
1001214,1000010
1001226,1000010
1001246,1000010
1001355,1000010
1000664,1000011
1000665,1000011
1000666,1000011
1000667,1000011
1000668,1000011
1000669,1000011
1000670,1000011
1000671,1000011
1000672,1000011
1000673,1000011
1000705,1000011
1000380,1000012
1000381,1000012
1000382,1000012
1000383,1000012
1000384,1000012
1000385,1000012
1000386,1000012
1000387,1000012
1000388,1000012
1000389,1000012
1000390,1000012
1000706,1000012
1000849,1000012
1000850,1000012
1000959,1000012
1001112,1000012
1001113,1000012
1001114,1000012
1001140,1000012
1001141,1000012
1001142,1000012
1001148,1000012
1001286,1000012
1001293,1000012
1001436,1000012
1001481,1000012
1001550,1000012
1001560,1000012
1001561,1000012
1001627,1000012
1001675,1000012
1000674,1000013
1000675,1000013
1000676,1000013
1000677,1000013
1000678,1000013
1000707,1000013
1001055,1000013
1001056,1000013
1001258,1000013
1001259,1000013
1001625,1000013
1000625,1000014
1000626,1000014
1000627,1000014
1000628,1000014
1000629,1000014
1000630,1000014
1000631,1000014
1000632,1000014
1000633,1000014
1000634,1000014
1000635,1000014
1000636,1000014
1000637,1000014
1000708,1000014
1000564,1000015
1000565,1000015
1000566,1000015
1000567,1000015
1000709,1000015
1000710,1000016
1000711,1000017
1000654,1000018
1000655,1000018
1000656,1000018
1000657,1000018
1000658,1000018
1000659,1000018
1000660,1000018
1000661,1000018
1000662,1000018
1000663,1000018
1000712,1000018
1000934,1000018
1000999,1000018
1001002,1000018
1001031,1000018
1001280,1000018
1001475,1000018
1001552,1000018
1001553,1000018
1001554,1000018
1001555,1000018
1001556,1000018
1000363,1000019
1000364,1000019
1000365,1000019
1000366,1000019
1000367,1000019
1000368,1000019
1000369,1000019
1000370,1000019
1000371,1000019
1000372,1000019
1000373,1000019
1000374,1000019
1000375,1000019
1000376,1000019
1000377,1000019
1000378,1000019
1000379,1000019
1000684,1000019
1000713,1000019
1000755,1000019
1000774,1000019
1000780,1000019
1000790,1000019
1000903,1000019
1000958,1000019
1001222,1000019
1001223,1000019
1001224,1000019
1001231,1000019
1001261,1000019
1001356,1000019
1001359,1000019
1001421,1000019
1001441,1000019
1001549,1000019
1001602,1000019
1001608,1000019
1001643,1000019
1001660,1000019
1000609,1000020
1000610,1000020
1000611,1000020
1000612,1000020
1000613,1000020
1000614,1000020
1000615,1000020
1000616,1000020
1000617,1000020
1000618,1000020
1000619,1000020
1000620,1000020
1000621,1000020
1000622,1000020
1000623,1000020
1000624,1000020
1000714,1000020
1000573,1000021
1000574,1000021
1000575,1000021
1000576,1000021
1000577,1000021
1000578,1000021
1000579,1000021
1000715,1000021
1000744,1000021
1000801,1000021
1000802,1000021
1000803,1000021
1000908,1000021
1001023,1000021
1001032,1000021
1001173,1000021
1001239,1000021
1001480,1000021
1001641,1000021
1001661,1000021
1001698,1000021
1000761,1000023
1000762,1000023
1000763,1000023
1000764,1000023
1000864,1000023
1001347,1000023
1000793,1000024
1000794,1000024
1000795,1000024
1000796,1000024
1000797,1000024
1000798,1000024
1000799,1000024
1000933,1000024
1000962,1000024
1000964,1000024
1000965,1000024
1000973,1000024
1001004,1000024
1001020,1000024
1001186,1000024
1001454,1000024
1001611,1000024
1001612,1000024
1001613,1000024
1001693,1000024
1001694,1000024
1000791,1000025
1000808,1000026
1000809,1000026
1000810,1000026
1000811,1000026
1000877,1000027
1000878,1000027
1000879,1000027
1000880,1000027
1000881,1000027
1000882,1000027
1000883,1000027
1000884,1000027
1000885,1000027
1000886,1000027
1000887,1000027
1000888,1000027
1000889,1000027
1000890,1000027
1000891,1000027
1000892,1000027
1000893,1000027
1000894,1000027
1000895,1000027
1000896,1000027
1000898,1000027
1000899,1000027
1000900,1000027
1000901,1000027
1000956,1000029
1000982,1000031
1000983,1000031
1000984,1000031
1000985,1000031
1000986,1000031
1000987,1000031
1000988,1000031
1000989,1000031
1000990,1000031
1000992,1000031
1000993,1000031
1000994,1000031
1000995,1000031
1000996,1000031
1001000,1000031
1001021,1000031
1001022,1000031
1001088,1000031
1001183,1000031
1001184,1000031
1001233,1000031
1001616,1000031
1001631,1000031
1001685,1000031
1001005,1000032
1001006,1000032
1001007,1000032
1001009,1000032
1001010,1000032
1001011,1000032
1001012,1000032
1001013,1000032
1001014,1000032
1001015,1000032
1001360,1000032
1001362,1000032
1001386,1000032
1001387,1000032
1001388,1000032
1001389,1000032
1001391,1000032
1001393,1000032
1001394,1000032
1001411,1000032
1001412,1000032
1001095,1000033
1001096,1000033
1001097,1000033
1001098,1000033
1001099,1000033
1001100,1000033
1001101,1000033
1001102,1000033
1001103,1000033
1001104,1000033
1001105,1000033
1001187,1000033
1001188,1000033
1001206,1000033
1001207,1000033
1001244,1000033
1001303,1000033
1001304,1000033
1001615,1000033
1001686,1000033
1001687,1000033
1001688,1000033
1001247,1000034
1001248,1000034
1001249,1000034
1001251,1000034
1001252,1000034
1001253,1000034
1001254,1000034
1001255,1000034
1001574,1000034
1001294,1000035
1001295,1000035
1001296,1000035
1001297,1000035
1001298,1000035
1001299,1000035
1001300,1000035
1001301,1000035
1001305,1000035
1001306,1000035
1001410,1000035
1001443,1000035
1001463,1000035
1001464,1000035
1001465,1000035
1001466,1000035
1001632,1000035
1001670,1000035
1001684,1000035
1001307,1000036
1001308,1000036
1001309,1000036
1001310,1000036
1001311,1000036
1001312,1000036
1001313,1000036
1001315,1000036
1001316,1000036
1001317,1000036
1001318,1000036
1001319,1000036
1001320,1000036
1001321,1000036
1001322,1000036
1001323,1000036
1001324,1000036
1001325,1000036
1001326,1000036
1001327,1000036
1001328,1000036
1001329,1000036
1001330,1000036
1001331,1000036
1001332,1000036
1001333,1000036
1001390,1000036
1001409,1000036
1001423,1000036
1001424,1000036
1001439,1000036
1001479,1000036
1001551,1000036
1001674,1000036
1001676,1000036
1001696,1000036
1001334,1000037
1001335,1000037
1001336,1000037
1001337,1000037
1001338,1000037
1001339,1000037
1001340,1000037
1001341,1000037
1001342,1000037
1001343,1000037
1001344,1000037
1001346,1000037
1001348,1000038
1001349,1000038
1001350,1000038
1001406,1000039
1001407,1000039
1001408,1000039
1001442,1000039
1001690,1000039
1001425,1000040
1001427,1000040
1001428,1000040
1001429,1000040
1001430,1000040
1001431,1000040
1001483,1000040
1001484,1000040
1001485,1000040
1001486,1000040
1001487,1000040
1001489,1000040
1001490,1000040
1001492,1000040
1001493,1000040
1001494,1000040
1001495,1000040
1001496,1000040
1001497,1000040
1001498,1000040
1001499,1000040
1001500,1000040
1001501,1000040
1001502,1000040
1001503,1000040
1001504,1000040
1001505,1000040
1001506,1000040
1001507,1000040
1001508,1000040
1001509,1000040
1001510,1000040
1001511,1000040
1001512,1000040
1001513,1000040
1001514,1000040
1001515,1000040
1001516,1000040
1001517,1000040
1001518,1000040
1001519,1000040
1001520,1000040
1001521,1000040
1001522,1000040
1001523,1000040
1001524,1000040
1001525,1000040
1001526,1000040
1001527,1000040
1001528,1000040
1001529,1000040
1001530,1000040
1001531,1000040
1001532,1000040
1001533,1000040
1001534,1000040
1001535,1000040
1001536,1000040
1001537,1000040
1001538,1000040
1001539,1000040
1001540,1000040
1001541,1000040
1001542,1000040
1001543,1000040
1001544,1000040
1001545,1000040
1001546,1000040
1001547,1000040
1001548,1000040
1001557,1000040
1001558,1000040
1001559,1000040
1001565,1000040
1001575,1000040
1001579,1000040
1001580,1000040
1001581,1000040
1001583,1000040
1001598,1000040
1001601,1000040
1001604,1000040
1001605,1000040
1001606,1000040
1001607,1000040
1001609,1000040
1001629,1000040
1001630,1000040
1001633,1000040
1001640,1000040
1001642,1000040
1001644,1000040
1001648,1000040
1001658,1000040
1001659,1000040
1001671,1000040
1001692,1000040
1001697,1000040
1001699,1000040
1001702,1000040
1001703,1000040
1001704,1000040
1001705,1000021
1001706,1000021
1001707,1000006
1001708,1000021
1001709,1000021
1001710,1000039
1001711,1000039
1001712,1000039
1001713,1000019
1001714,1000040
1001716,1000021
1001717,1000040
1001718,1000040
1001719,1000040
1001720,1000040
1001721,1000021
1001722,1000003
1001723,1000024
1001724,1000042
1001725,1000042
1001726,1000042
1001727,1000042
1001728,1000042
1001729,1000042
1001730,1000042
1001731,1000042
1001732,1000042
1001733,1000042
1001735,1000040
1001736,1000040
1001737,1000009
1001738,1000007
1001739,1000010
1001740,1000019
1001741,1000034
1001742,1000034
1001743,1000034
1001744,1000034
1001745,1000034
1001746,1000024
1001747,1000040
1001748,1000040
1001749,1000040
1001750,1000040
1001751,1000010
1001752,1000027
1001753,1000040
1001754,1000040
1001755,1000012
1001756,1000039
1001757,1000039
1001758,1000039
1001759,1000039
1001760,1000040
1001762,1000003
1001763,1000009
1001764,1000040
1001765,1000009
1001767,1000040
1001770,1000019
1001771,1000021
1001772,1000036
1001773,1000009
1001774,1000035
1001775,1000009
1001776,1000040
1001777,1000000
1001778,1000040
1001779,1000033
1001780,1000033
1001782,1000039
1001783,1000039
1001784,1000040
1001785,1000035
1001788,1000040
1001790,1000009
1001791,1000000
1001793,1000000
1001794,1000040
1001795,1000040
1001801,1000021
1001802,1000033
1001803,1000039
1001804,1000039
1001805,1000035
1001806,1000024
1001807,1000024
1001809,1000012
1001810,1000012
1001813,1000009
1001814,1000013
1001815,1000003
1001816,1000003
1001817,1000003
1001818,1000033
1001822,1000040
1001823,1000040
1001824,1000012
1001826,1000018
1001827,1000036
1001828,1000003
1001829,1000040
1001830,1000033
1001831,1000003
1001832,1000000
1001833,1000040
1001834,1000040
1001835,1000009
1001836,1000039
1001837,1000039
1001838,1000032
1001842,1000032
1001844,1000032
1001845,1000032
1001846,1000032
1001847,1000032
1001848,1000032
1001850,1000032
1001851,1000032
1001852,1000032
1001853,1000032
1001854,1000032
1001855,1000032
1001857,1000032
1001858,1000032
1001859,1000032
1001860,1000032
1001862,1000032
1001864,1000019
1001865,1000009
1001866,1000039
1001867,1000039
1001868,1000032
1001869,1000032
1001870,1000032
1001874,1000032
1001875,1000032
1001876,1000032
1001877,1000032
1001878,1000032
1001879,1000032
1001882,1000040
1001883,1000033
1001884,1000033
1001885,1000002
1001886,1000003
1001887,1000032
1001888,1000032
1001889,1000032
1001890,1000032
1001891,1000032
1001892,1000032
1001893,1000006
1001894,1000012
1001899,1000003
1001900,1000039
1001902,1000009
1001903,1000024
1001904,1000024
1001905,1000032
1001906,1000039
1001907,1000039
1001908,1000018
1001909,1000018
1001910,1000035
1001911,1000012
1001914,1000019
1001915,1000039
1001917,1000009
1001918,1000009
1001919,1000043
1001920,1000043
1001922,1000035
1001925,1000009
1001926,1000018
1001929,1000044
1001930,1000044
1001931,1000044
1001932,1000044
1001933,1000044
1001934,1000044
1001935,1000044
1001936,1000044
1001937,1000044
1001938,1000044
1001939,1000044
1001940,1000044
1001941,1000044
1001942,1000044
1001943,1000044
1001944,1000044
1001945,1000044
1001946,1000044
1001947,1000044
1001948,1000044
1001949,1000044
1001950,1000044
1001951,1000044
1001952,1000044
1001954,1000009
1001955,1000044
1001956,1000044
1001957,1000044
1001958,1000044
1001959,1000044
1001960,1000032
1001961,1000032
1001962,1000032
1001963,1000032
1001964,1000032
1001965,1000032
1001966,1000032
1001968,1000032
1001969,1000032
1001970,1000032
1001971,1000032
1001972,1000032
1001973,1000044
1001975,1000009
1001976,1000027
1001977,1000021
1001978,1000021
1001979,1000012
1001980,1000019
1001981,1000018
1001982,1000044
1001983,1000012
1001984,1000012
1001986,1000009
1001987,1000018
1001989,1000021
1001990,1000039
1001991,1000009
1001992,1000009
1001993,1000009
1001994,1000018
1001995,1000009
1001996,1000035
1001997,1000012
1001998,1000044
1001999,1000044
1002000,1000009
1002001,1000021
1002002,1000000
1002003,1000018
1002004,1000021
1002005,1000021
1002006,1000000
1002007,1000039
1002008,1000009
1002009,1000002
1002011,1000009
1002012,1000009
1002013,1000035
1002014,1000035
1002016,1000009
1002017,1000002
1002018,1000009
1002020,1000009
1002021,1000012
1002022,1000012
1002023,1000009
1002024,1000009
1002025,1000009
1002026,1000035
1002027,1000035
1002028,1000035
1002029,1000009
1002030,1000044
1002031,1000044
1002032,1000044
1002033,1000044
1002034,1000044
1002035,1000044
1002036,1000044
1002037,1000009
1002038,1000009
1002040,1000000
1002041,1000000
1002042,1000012
1002044,1000005
1002045,1000019
1002046,1000000
1002047,1000012
1002049,1000009
1002050,1000012
1002051,1000024
1002052,1000041
1002053,1000046
1002054,1000046
1002055,1000046
1002056,1000046
1002057,1000046
1002058,1000046
1002059,1000046
1002060,1000046
1002061,1000046
1002062,1000046
1002063,1000046
1002064,1000046
1002065,1000046
1002066,1000046
1002067,1000046
1002068,1000046
1002069,1000000
1002070,1000024
1002071,1000003
1002074,1000009
1002075,1000012
1002076,1000012
1002077,1000019
1002078,1000035
1002080,1000012
1002081,1000018
1001194,1000045
1002082,1000009
1002084,1000046
1002085,1000046
1002086,1000009
1002087,1000035
1002088,1000035
1002089,1000035
1000838,1000045
1002054,1000047
1002056,1000047
1002066,1000047
1002053,1000047
1002068,1000047
1002090,1000009
1002091,1000009
1002074,1000045
1001992,1000045
1002024,1000045
1001689,1000045
1000914,1000045
1001813,1000045
1000750,1000045
1001256,1000045
1000862,1000045
1001586,1000045
1001775,1000045
1002092,1000018
1002023,1000045
1002093,1000002
1001765,1000045
1001835,1000045
1002016,1000045
1002082,1000045
1002091,1000045
1002095,1000009
1002055,1000047
1002020,1000045
1002096,1000019
1002097,1000046
1002025,1000045
1002098,1000009
1002099,1000009
1002065,1000047
1002067,1000047
1002100,1000046
1002101,1000046
1002102,1000046
1002103,1000046
1001986,1000045
1001269,1000045
1001129,1000045
1002105,1000035
1002106,1000035
1002107,1000045
1002110,1000045
1002111,1000012
1002112,1000045
1002113,1000018
1002114,1000018
1002115,1000018
1002059,1000047
1002060,1000047
1002116,1000019
1002117,1000009
1002117,1000045
1002118,1000046
1002119,1000046
1002120,1000046
1002121,1000046
1002122,1000046
1002123,1000035
1002124,1000035
1002125,1000019
1002119,1000047
1002118,1000047
1002126,1000000
1002090,1000045
1002064,1000047
1002127,1000046
1002062,1000047
1002129,1000012
1002112,1000009
1002133,1000046
1002122,1000047
1001036,1000045
1002120,1000047
1002134,1000039
1002135,1000035
1002136,1000012
1002121,1000047
1002137,1000019
1002140,1000035
1002141,1000035
1002142,1000012
1002143,1000019
1002145,1000024
1002146,1000019
1002147,1000035
1002148,1000012
1002149,1000035
1002151,1000035
1002152,1000046
1002153,1000009
1002153,1000045
1002156,1000045
1002157,1000046
1002158,1000019
1002159,1000012
1002160,1000035
1002161,1000035
1002162,1000012
1002163,1000012
1002164,1000012
1002156,1000009
1002165,1000018
1002167,1000039
1001925,1000045
1002057,1000047
1002058,1000047
1002061,1000047
1002168,1000048
1002169,1000048
1002170,1000048
1002171,1000018
1002172,1000018
1002173,1000018
1002175,1000000
1002176,1000035
1002178,1000048
1002179,1000046
1002180,1000018
1002184,1000046
1002185,1000024
1002186,1000019
1002188,1000046
1002189,1000046
1002189,1000047
1002157,1000047
1002179,1000047
1002188,1000047
1002190,1000019
1002192,1000046
1002193,1000009
1002193,1000045
1002194,1000035
1002195,1000035
1002196,1000035
1000875,1000045
1002197,1000009
1002197,1000045
1002198,1000012
1002199,1000046
1002199,1000047
1002200,1000045
1001918,1000045
1002201,1000046
1002201,1000047
1002203,1000046
1002203,1000047
1002205,1000046
1002207,1000012
1002208,1000012
1002049,1000045
1002205,1000047
1002209,1000019
1002210,1000035
1002211,1000035
1002212,1000000
1001191,1000045
1002213,1000019
1002214,1000000
1002215,1000021
1002217,1000039
1002219,1000021
1002220,1000009
1002220,1000045
1002221,1000046
1002221,1000047
1002225,1000035
1002226,1000009
1002226,1000045
1002227,1000000
1002228,1000000
1002229,1000019
1002230,1000009
1002230,1000045
1002231,1000046
1002231,1000047
1002232,1000046
1002232,1000047
1002233,1000046
1002234,1000019
1001790,1000045
1001118,1000045
1002236,1000009
1002237,1000009
1002237,1000045
1002236,1000045
1001701,1000045
1002238,1000046
1002238,1000047
1002239,1000018
1002240,1000019
1002243,1000019
1001047,1000045
1002244,1000009
1002244,1000045
1002245,1000009
1002245,1000045
1002246,1000024
1001403,1000045
1002247,1000046
1002247,1000047
1002249,1000046
1002249,1000047
1002251,1000046
1002252,1000046
1002253,1000019
1002254,1000046
1002256,1000009
1002256,1000045
1002257,1000009
1002257,1000045
1002258,1000031
1002259,1000031
1002260,1000031
1002261,1000031
1002262,1000031
1002263,1000031
1002264,1000031
1002265,1000019
1001288,1000045
1002266,1000009
1002267,1000024
1002266,1000045
1002271,1000019
1002272,1000042
1002273,1000000
1002063,1000047
1002274,1000046
1002275,1000046
1002276,1000046
1002277,1000046
1002278,1000046
1002279,1000046
1002280,1000046
1002281,1000009
1002281,1000045
1002280,1000047
1002274,1000047
1002283,1000046
1002284,1000046
1002292,1000002
1002293,1000000
1002294,1000000
1002295,1000046
1002275,1000049
1002276,1000049
1002277,1000049
1002278,1000049
1002279,1000049
1002295,1000049
1002280,1000049
1002221,1000049
1001291,1000045
1002296,1000009
1002297,1000045
1002298,1000045
1002300,1000039
1002301,1000039
1002302,1000050
1002303,1000050
1002304,1000050
1002305,1000050
1002306,1000050
1002309,1000050
1002310,1000050
1000674,1000050
1002312,1000051
1002313,1000051
1002314,1000021
1002315,1000031
1002316,1000035
1002317,1000024
1002318,1000035
1002320,1000045
1002321,1000051
1002323,1000045
1002323,1000009
1002324,1000051
1002326,1000051
1002327,1000035
1002328,1000021
1002329,1000035
1002331,1000051
1002000,1000045
1002332,1000045
1002333,1000045
1002334,1000018
1002335,1000018
1002336,1000051
1002337,1000021
1002338,1000009
1002338,1000045
1002339,1000045
1002342,1000035
1002344,1000019
1002346,1000021
1002348,1000021
1002349,1000039
1002350,1000039
1002351,1000039
1002352,1000039
1002353,1000045
1002354,1000039
1002356,1000021
1002357,1000051
1002358,1000052
1002359,1000052
1002360,1000052
1002361,1000052
1002362,1000019
1002363,1000050
1002364,1000009
1002364,1000045
1002365,1000051
1002366,1000053
1002367,1000054
1002369,1000054
1002370,1000054
1002372,1000019
1002373,1000054
1002375,1000031
1002376,1000054
1002377,1000035
1002378,1000054
1002379,1000050
1002380,1000035
1002382,1000009
1002382,1000045
1002383,1000039
1002384,1000045
1002385,1000009
1002385,1000045
1002386,1000045
1002387,1000045
1002388,1000039
1002389,1000031
1002390,1000018
1002391,1000050
1002392,1000050
1002394,1000050
1002304,1000055
1002392,1000055
1002391,1000055
1002396,1000050
1002397,1000039
1002398,1000042
1002399,1000042
1002400,1000009
1002400,1000045
1002401,1000039
1002403,1000054
1002404,1000035
1002405,1000050
1002405,1000055
1002406,1000035
1002407,1000056
1002408,1000057
1002409,1000057
1002410,1000056
1002411,1000056
1002412,1000056
1002413,1000056
1002414,1000056
1002415,1000056
1002416,1000056
1002417,1000056
1002418,1000056
1002419,1000056
1002420,1000019
1002421,1000058
1002422,1000035
1002423,1000059
1002424,1000059
1002425,1000059
1002426,1000060
1002427,1000050
1002428,1000018
1002427,1000055
1002429,1000018
1002430,1000060
1002431,1000039
1002432,1000039
1002434,1000039
1002435,1000039
1002436,1000039
1002438,1000039
1002439,1000039
1002441,1000039
1002442,1000052
1002443,1000039
1002444,1000000
1002445,1000000
1002447,1000000
1002448,1000000
1002449,1000000
1002450,1000000
1002451,1000056
1002452,1000056
1002453,1000056
1002454,1000045
1002455,1000000
1002456,1000051
1002457,1000019
1002458,1000019
1002459,1000050
1002459,1000055
1002460,1000019
1002461,1000021
1002462,1000045
1002463,1000045
1002464,1000019
1002465,1000021
1002466,1000009
1002466,1000045
1002467,1000000
1002468,1000031
1002469,1000019
1002470,1000019
1002471,1000050
1002471,1000055
1002472,1000039
1002473,1000039
1002474,1000039
1002475,1000039
1002476,1000039
1002477,1000042
1002478,1000042
1002480,1000056
1002481,1000009
1002482,1000009
1002483,1000039
1002484,1000039
1002485,1000039
1002486,1000039
1002487,1000050
1002488,1000035
1002489,1000045
1002490,1000035
1002492,1000045
1002493,1000045
1002494,1000019
1002495,1000039
1002496,1000045
1002497,1000050
1002498,1000045
1002499,1000035
1002500,1000035
1002501,1000035
1002502,1000035
1002503,1000035
1002504,1000035
1002505,1000035
1002506,1000035
1002507,1000056
1002497,1000055
1002508,1000000
1002509,1000035
1002510,1000045
1002511,1000019
1002512,1000054
1002513,1000050
1002513,1000055
1002514,1000035
1002515,1000039
1002516,1000031
1002517,1000031
1002518,1000051
1002519,1000039
1002520,1000018
1002521,1000039
1002522,1000050
1002523,1000050
1002524,1000019
1002525,1000035
1002526,1000035
1002528,1000035
1002529,1000052
1002530,1000052
1002532,1000000
1002533,1000035
1002534,1000035
1002535,1000009
1002535,1000045
1002536,1000019
1002537,1000039
1002538,1000000
1002539,1000050
1002539,1000055
1002540,1000039
1002541,1000000
1002542,1000057
1002543,1000057
1002544,1000057
1002545,1000057
1002546,1000006
1002549,1000019
1002550,1000042
1002551,1000035
1002552,1000039
1002553,1000039
1002556,1000019
1002559,1000050
1002559,1000055
1002561,1000050
1002561,1000055
1002562,1000050
1002562,1000055
1002563,1000035
1002564,1000050
1002564,1000055
1002565,1000052
1002566,1000042
1002567,1000042
1002568,1000042
1002569,1000050
1002569,1000055
1002570,1000050
1002570,1000055
1002571,1000039
1002574,1000050
1002574,1000055
1002575,1000050
1002575,1000055
1002576,1000050
1002576,1000055
1002577,1000050
1002577,1000055
1002578,1000050
1002578,1000055
1002580,1000050
1002580,1000055
1002581,1000050
1002581,1000055
1002582,1000050
1002582,1000055
1002583,1000000
1002585,1000035
1002587,1000061
1002588,1000061
1002589,1000061
1002590,1000019
1002591,1000057
1002592,1000035
1002593,1000050
1002594,1000039
1002595,1000050
1002596,1000035
1002597,1000035
1002599,1000050
1002601,1000050
1002602,1000050
1002603,1000024
1002604,1000024
1002605,1000024
1002606,1000045
1002611,1000050
1002612,1000050
1002613,1000050
1002606,1000009
1002617,1000039
1002618,1000050
1002619,1000050
1002621,1000044
1002622,1000019
1002623,1000019
1002624,1000019
1002625,1000019
1002626,1000019
1002627,1000019
1002628,1000019
1002629,1000019
1002630,1000019
1002631,1000042
1002632,1000050
1002632,1000055
1002633,1000009
1002633,1000045
1002634,1000009
1002634,1000045
1002635,1000024
1002636,1000019
1002637,1000019
1002638,1000039
1002639,1000018
1002640,1000009
1002640,1000045
1002641,1000009
1002641,1000045
1002643,1000018
1002644,1000035
1002645,1000045
1002646,1000035
1002647,1000050
1000966,1000045
1002650,1000018
1002651,1000018
1002652,1000050
1002652,1000055
1002653,1000039
1002656,1000045
1002659,1000021
1002660,1000045
1002661,1000045
1002662,1000031
1002666,1000062
1002667,1000062
1002669,1000018
1002670,1000002
1002671,1000035
1002672,1000050
1002672,1000055
1002673,1000050
1002673,1000055
1002674,1000050
1002674,1000055
1002675,1000035
1002677,1000058
1002680,1000062
1002681,1000050
1002682,1000050
1002684,1000031
1002685,1000019
1002686,1000045
1002686,1000009
1002687,1000035
1002688,1000035
1002689,1000062
1002690,1000045
1002691,1000045
1002691,1000009
1002692,1000009
1002692,1000045
1002694,1000048
1002695,1000045
1002696,1000009
1002696,1000045
1002697,1000021
1002698,1000009
1002698,1000045
1002699,1000050
1002700,1000045
1002700,1000009
1002701,1000048
1002702,1000050
1002702,1000055
1002703,1000050
1002703,1000055
1002704,1000045
1002705,1000054
1002706,1000031
1002707,1000000
1002708,1000050
1002708,1000055
1002710,1000009
1002710,1000045
1002711,1000050
1002711,1000055
1002712,1000050
1002712,1000055
1002713,1000009
1002713,1000045
1002714,1000031
1002715,1000019
1001737,1000045
1002012,1000045
1002492,1000009
1002716,1000045
1002716,1000009
1002717,1000009
1002717,1000045
1002718,1000035
1002719,1000035
1002720,1000050
1002720,1000055
1002721,1000045
1002724,1000019
1002602,1000055
1002595,1000055
1002305,1000055
1002302,1000055
1002306,1000055
1002726,1000063
1002727,1000063
1002728,1000063
1002729,1000063
1002731,1000019
1002732,1000009
1002732,1000045
1002733,1000009
1002733,1000045
1002734,1000031
1002735,1000045
1002737,1000056
1002738,1000035
1002740,1000050
1002740,1000055
1002742,1000018
1002743,1000018
1002744,1000064
1002745,1000050
1002745,1000055
1002746,1000050
1002746,1000055
1002747,1000050
1002747,1000055
1002748,1000050
1002748,1000055
1002749,1000050
1002749,1000055
1002750,1000050
1002750,1000055
1002751,1000056
1002752,1000063
1002753,1000050
1002753,1000055
1002754,1000050
1002754,1000055
1002755,1000050
1002755,1000055
1002756,1000050
1002756,1000055
1002757,1000050
1002757,1000055
1002758,1000025
1002759,1000025
1002760,1000025
1002761,1000025
1002762,1000025
1002763,1000002
1002764,1000050
1002765,1000050
1002765,1000055
1002764,1000055
1002766,1000050
1002766,1000055
1002767,1000009
1002767,1000045
1002768,1000039
1002769,1000039
1002770,1000035
1002771,1000035
1002772,1000035
1002773,1000035
1002774,1000035
1002775,1000035
1002776,1000031
1002777,1000021
1002778,1000009
1002778,1000045
1002779,1000009
1002779,1000045
1002018,1000045
1002782,1000045
1002783,1000045
1002784,1000009
1002784,1000045
1002785,1000031
1002786,1000002
1002787,1000019
1002788,1000009
1002788,1000045
1002789,1000009
1002789,1000045
1002790,1000018
1002791,1000018
1002792,1000018
1002793,1000018
1002794,1000062
1002795,1000009
1002795,1000045
1002796,1000050
1002796,1000055
1002797,1000063
1002798,1000035
1002799,1000035
1002800,1000031
1002801,1000056
1002802,1000050
1002802,1000055
1002803,1000009
1002803,1000045
1002804,1000009
1002804,1000045
1002805,1000009
1002805,1000045
1002806,1000065
1002807,1000065
1002808,1000065
1002809,1000065
1002810,1000065
1002811,1000065
1002812,1000065
1002813,1000065
1002814,1000065
1002815,1000065
1002816,1000065
1002817,1000065
1002818,1000065
1002819,1000065
1002820,1000065
1002821,1000065
1002822,1000065
1002823,1000065
1002824,1000065
1002825,1000065
1002826,1000065
1002827,1000065
1002828,1000050
1002828,1000055
1002829,1000065
1002830,1000065
1002831,1000065
1002832,1000065
1002833,1000065
1002834,1000066
1002835,1000066
1002836,1000062
1002837,1000065
1002839,1000066
1002840,1000065
1002841,1000065
1002842,1000065
1002843,1000065
1002845,1000066
1002846,1000062
1002847,1000062
1002848,1000024
1002849,1000039
1002850,1000009
1002850,1000045
1002851,1000050
1002851,1000055
1002852,1000065
1002853,1000025
1002854,1000050
1002854,1000055
1002855,1000050
1002855,1000055
1002856,1000035
1002857,1000000
1002858,1000066
1002859,1000045
1002859,1000009
1002860,1000000
1002861,1000066
1002862,1000050
1002862,1000055
1002863,1000050
1002863,1000055
1002864,1000067
1002865,1000067
1002866,1000067
1002867,1000067
1002868,1000062
1002869,1000063
1002870,1000068
1002871,1000068
1002872,1000068
1002873,1000068
1002874,1000068
1002875,1000068
1002876,1000068
1002877,1000068
1002878,1000068
1002879,1000068
1002880,1000068
1002881,1000068
1002882,1000068
1002883,1000068
1002884,1000068
1002885,1000068
1002886,1000068
1002887,1000068
1002888,1000068
1002889,1000068
1002890,1000068
1002891,1000066
1002892,1000068
1002893,1000045
1002895,1000069
1002896,1000025
1002897,1000000
1002898,1000050
1002898,1000055
1002899,1000050
1002899,1000055
1002900,1000066
1002902,1000066
1002904,1000052
1002905,1000035
1002906,1000035
1002907,1000035
1002908,1000035
1002909,1000025
1002910,1000025
1002911,1000070
1002912,1000070
1002913,1000070
1002914,1000070
1002915,1000070
1002916,1000070
1002917,1000070
1002918,1000070
1002919,1000070
1002920,1000070
1002921,1000070
1002922,1000070
1002923,1000070
1002924,1000070
1002925,1000070
1002926,1000070
1002927,1000070
1002928,1000070
1002929,1000070
1002930,1000070
1002931,1000070
1002932,1000070
1002933,1000070
1002934,1000070
1002935,1000070
1002936,1000070
1002937,1000070
1002938,1000070
1002939,1000070
1002940,1000070
1002941,1000070
1002942,1000070
1002943,1000070
1002944,1000070
1002946,1000070
1002947,1000070
1002948,1000070
1002949,1000070
1002950,1000070
1002951,1000070
1002952,1000070
1002953,1000070
1002954,1000070
1002955,1000070
1002956,1000070
1002957,1000070
1002958,1000070
1002959,1000070
1002960,1000070
1002961,1000070
1002962,1000070
1002963,1000070
1002964,1000070
1002965,1000070
1002966,1000070
1002967,1000070
1002968,1000070
1002969,1000070
1002970,1000070
1002971,1000070
1002972,1000070
1002973,1000035
1002974,1000070
1002975,1000070
1002976,1000070
1002977,1000070
1002978,1000070
1002979,1000070
1002980,1000070
1002981,1000070
1002982,1000070
1002983,1000070
1002984,1000070
1002985,1000070
1002986,1000070
1002987,1000070
1002988,1000070
1002989,1000070
1002990,1000070
1002991,1000070
1002992,1000070
1002993,1000070
1002995,1000070
1002996,1000070
1002997,1000070
1002998,1000070
1002999,1000070
1003000,1000070
1003001,1000070
1003002,1000070
1003003,1000070
1003004,1000070
1003005,1000070
1003006,1000070
1003007,1000070
1003008,1000070
1003009,1000070
1003010,1000070
1003011,1000070
1003012,1000070
1003013,1000070
1003014,1000070
1003019,1000070
1003020,1000070
1003021,1000070
1003022,1000070
1003023,1000070
1003025,1000070
1003026,1000070
1003027,1000070
1003028,1000070
1003029,1000070
1003030,1000070
1003031,1000070
1003032,1000070
1003033,1000070
1003034,1000070
1003035,1000070
1003036,1000067
1003036,1000071
1003037,1000067
1003037,1000071
1003038,1000067
1003038,1000071
1003039,1000067
1003039,1000071
1003040,1000067
1003040,1000071
1003041,1000067
1003041,1000071
1003042,1000067
1003042,1000071
1003043,1000067
1003043,1000071
1003044,1000067
1003044,1000071
1003045,1000067
1003045,1000071
1003046,1000067
1003046,1000071
1003047,1000067
1003047,1000071
1003048,1000067
1003048,1000071
1003049,1000067
1003049,1000071
1003050,1000067
1003050,1000071
1003051,1000067
1003051,1000071
1003052,1000067
1003052,1000071
1003053,1000067
1003053,1000071
1003054,1000018
1003055,1000035
1003056,1000067
1003056,1000071
1003057,1000067
1003057,1000071
1003058,1000031
1003069,1000009
1003069,1000045
1003070,1000050
1003070,1000055
1003071,1000050
1003071,1000055
1003072,1000054
1003073,1000054
1003074,1000054
1003075,1000045
1003076,1000031
1003078,1000031
1003079,1000031
1003080,1000031
1003081,1000031
1003083,1000031
1003084,1000031
1003085,1000031
1003087,1000031
1003088,1000031
1003089,1000031
1003091,1000031
1003092,1000031
1003093,1000031
1003094,1000031
1003096,1000031
1003097,1000031
1003098,1000031
1003099,1000009
1003099,1000045
1003100,1000009
1003100,1000045
1003104,1000072
1003106,1000072
1003108,1000069
1003109,1000069
1003112,1000009
1003112,1000045
1003113,1000009
1003113,1000045
1003114,1000073
1003115,1000073
1003116,1000073
1003117,1000073
1003118,1000073
1003119,1000073
1003120,1000073
1003121,1000073
1003122,1000073
1003123,1000073
1003124,1000073
1003125,1000073
1003126,1000073
1003127,1000073
1003128,1000073
1003129,1000073
1003130,1000073
1003131,1000073
1003132,1000073
1003133,1000073
1003134,1000073
1003135,1000073
1003136,1000073
1003137,1000073
1003138,1000073
1003139,1000073
1003140,1000073
1003141,1000073
1003142,1000073
1003143,1000073
1003144,1000073
1003145,1000073
1003146,1000073
1003147,1000073
1003148,1000073
1003149,1000073
1003150,1000073
1003151,1000073
1003152,1000073
1003153,1000073
1003154,1000073
1003156,1000073
1003157,1000073
1003158,1000073
1003159,1000073
1003160,1000073
1003161,1000073
1003162,1000073
1003163,1000073
1003164,1000073
1003165,1000073
1003166,1000073
1003167,1000073
1003168,1000067
1003168,1000071
1003170,1000067
1003170,1000071
1003171,1000073
1003172,1000073
1003173,1000039
1003174,1000035
1003175,1000035
1003177,1000065
1003179,1000019
1003182,1000056
1003183,1000009
1003183,1000045
1003184,1000009
1003184,1000045
1003186,1000073
1003187,1000065
1003188,1000065
1003189,1000065
1003190,1000000
1003191,1000035
1003192,1000035
1003193,1000035
1003194,1000025
1003195,1000025
1003196,1000065
1003197,1000009
1003199,1000067
1003199,1000071
1003201,1000065
1003202,1000050
1003202,1000055
1003204,1000050
1003204,1000055
1003205,1000073
1003206,1000000
1003207,1000050
1003207,1000055
1003208,1000035
1003209,1000050
1003209,1000055
1003210,1000024
1003211,1000050
1003211,1000055
1003212,1000050
1003212,1000055
1003213,1000065
1003215,1000065
1003216,1000073
1003217,1000073
1003218,1000073
1003219,1000073
1003220,1000073
1003221,1000073
1003222,1000073
1003223,1000065
1003224,1000065
1003225,1000065
1003226,1000065
1003227,1000065
1003228,1000065
1003229,1000065
1003230,1000050
1003230,1000055
1003232,1000073
1003233,1000065
1003235,1000067
1003235,1000071
1003236,1000067
1003236,1000071
1003237,1000065
1003238,1000035
1003239,1000035
1003240,1000035
1003241,1000031
1003243,1000009
1003243,1000045
1003244,1000042
1003245,1000018
1003246,1000018
1003247,1000009
1003247,1000045
1003248,1000000
1003249,1000021
1003252,1000067
1003252,1000071
1003253,1000009
1003253,1000045
1003254,1000065
1003255,1000065
1003256,1000065
1003257,1000065
1003258,1000065
1003259,1000074
1003260,1000074
1003261,1000074
1003262,1000074
1003263,1000074
1003264,1000074
1003265,1000074
1003266,1000074
1003267,1000074
1003268,1000074
1003269,1000074
1003270,1000074
1003271,1000074
1003272,1000074
1003273,1000074
1003275,1000074
1003276,1000074
1003277,1000074
1003278,1000074
1003279,1000074
1003280,1000000
1003281,1000065
1003282,1000065
1003283,1000068
1003284,1000074
1003285,1000074
1003286,1000074
1003287,1000074
1003288,1000074
1003289,1000035
1003290,1000074
1003291,1000035
1003292,1000035
1003293,1000035
1003294,1000035
1003295,1000035
1003296,1000035
1003297,1000035
1003298,1000035
1003299,1000018
1003300,1000035
1003301,1000000
1003302,1000018
1003303,1000018
1003304,1000018
1003305,1000067
1003305,1000071
1003306,1000067
1003306,1000071
1003307,1000018
1003310,1000065
1003319,1000074
1003320,1000018
1003321,1000050
1003321,1000055
1003322,1000073
1003323,1000055
1003324,1000065
1003325,1000075
1003326,1000075
1003327,1000000
1003328,1000074
1003329,1000073
1003330,1000055
1003331,1000076
1003332,1000076
1003333,1000076
1003334,1000076
1003335,1000076
1003336,1000076
1003337,1000076
1003338,1000076
1003339,1000076
1003340,1000076
1003341,1000000
1003342,1000000
1003343,1000000
1003344,1000000
1003345,1000000
1003346,1000000
1003347,1000050
1003348,1000076
1003349,1000068
1003350,1000076
1003351,1000018
1003352,1000024
1003353,1000024
1003354,1000018
1003355,1000018
1003356,1000018
1003358,1000035
1003359,1000035
1003360,1000000
1003361,1000000
1003362,1000048
1003363,1000000
1003364,1000000
1003365,1000000
1003366,1000000
1003367,1000000
1003368,1000077
1003369,1000077
1003370,1000077
1003371,1000000
1003372,1000000
1003373,1000077
1003374,1000018
1003375,1000018
1003376,1000077
1003377,1000077
1003378,1000077
1003379,1000077
1003380,1000000
1003381,1000018
1003382,1000018
1003383,1000018
1003384,1000076
1003385,1000077
1003386,1000077
1003387,1000077
1003388,1000045
1003389,1000074
1003390,1000048
1003391,1000009
1003392,1000074
1003395,1000074
1003396,1000077
1003398,1000076
1003399,1000018
1003400,1000018
1003401,1000018
1003402,1000018
1003403,1000018
1003404,1000018
1003405,1000018
1003406,1000074
1003407,1000018
1003408,1000018
1003409,1000074
1003410,1000076
1003411,1000076
1003412,1000076
1003413,1000076
1003414,1000000
1003415,1000076
1003416,1000000
1003417,1000000
1003418,1000050
1003419,1000018
1003420,1000018
1003421,1000018
1003422,1000018
1003423,1000018
1003424,1000018
1003425,1000018
1003426,1000074
1003427,1000074
1003428,1000048
1003429,1000048
1003430,1000048
1003431,1000048
1003432,1000048
1003433,1000048
1003434,1000000
1003435,1000056
1003436,1000074
1003437,1000074
1003438,1000056
1003439,1000074
1003440,1000056
1003441,1000048
1003442,1000000
1003443,1000048
1003444,1000056
1003445,1000056
1003446,1000068
1003447,1000056
1003448,1000056
1003449,1000074
1003450,1000074
1003451,1000048
1003452,1000068
1003453,1000050
1003454,1000050
1003455,1000074
1003456,1000074
1003457,1000018
1003458,1000074
1003459,1000048
1003460,1000018
1003461,1000018
1003463,1000018
1003464,1000074
1003465,1000018
1003466,1000018
1003467,1000018
1003468,1000074
1003469,1000077
1003470,1000077
1003471,1000077
1003472,1000077
1003473,1000077
1003474,1000074
1003475,1000074
1003476,1000048
1003477,1000077
1003478,1000074
1003479,1000074
1003480,1000074
1003481,1000074
1003482,1000074
